TDSFU Daily run: Wed Oct 22 14:05:31 UTC 2025 TDSFU
TDSFU Daily run: Thu Oct 23 04:33:16 UTC 2025 TDSFU
TDSFU Daily run: Fri Oct 24 04:33:09 UTC 2025 TDSFU
TDSFU Daily run: Sat Oct 25 04:31:33 UTC 2025 TDSFU
TDSFU Daily run: Sun Oct 26 04:32:33 UTC 2025 TDSFU
TDSFU Daily run: Mon Oct 27 04:40:23 UTC 2025 TDSFU
TDSFU Daily run: Tue Oct 28 04:34:09 UTC 2025 TDSFU
TDSFU Daily run: Wed Oct 29 04:38:11 UTC 2025 TDSFU
TDSFU Daily run: Thu Oct 30 04:33:41 UTC 2025 TDSFU
TDSFU Daily run: Fri Oct 31 04:37:43 UTC 2025 TDSFU
TDSFU Daily run: Sat Nov  1 04:31:52 UTC 2025 TDSFU
TDSFU Daily run: Sun Nov  2 04:33:44 UTC 2025 TDSFU
TDSFU Daily run: Mon Nov  3 04:39:27 UTC 2025 TDSFU
TDSFU Daily run: Tue Nov  4 04:34:15 UTC 2025 TDSFU
TDSFU Daily run: Wed Nov  5 04:34:29 UTC 2025 TDSFU
TDSFU Daily run: Thu Nov  6 04:38:26 UTC 2025 TDSFU
TDSFU Daily run: Fri Nov  7 04:33:52 UTC 2025 TDSFU
TDSFU Daily run: Sat Nov  8 04:32:43 UTC 2025 TDSFU
TDSFU Daily run: Sun Nov  9 04:33:22 UTC 2025 TDSFU
TDSFU Daily run: Mon Nov 10 04:38:07 UTC 2025 TDSFU
TDSFU Daily run: Tue Nov 11 04:36:27 UTC 2025 TDSFU
TDSFU Daily run: Wed Nov 12 04:35:34 UTC 2025 TDSFU
TDSFU Daily run: Thu Nov 13 04:37:10 UTC 2025 TDSFU
TDSFU Daily run: Fri Nov 14 04:34:38 UTC 2025 TDSFU
TDSFU Daily run: Sat Nov 15 04:33:21 UTC 2025 TDSFU
TDSFU Daily run: Sun Nov 16 04:37:03 UTC 2025 TDSFU
TDSFU Daily run: Mon Nov 17 04:38:21 UTC 2025 TDSFU
TDSFU Daily run: Tue Nov 18 04:35:43 UTC 2025 TDSFU
TDSFU Daily run: Wed Nov 19 04:35:38 UTC 2025 TDSFU
TDSFU Daily run: Thu Nov 20 04:34:18 UTC 2025 TDSFU
TDSFU Daily run: Fri Nov 21 04:35:20 UTC 2025 TDSFU
TDSFU Daily run: Sat Nov 22 04:33:11 UTC 2025 TDSFU
TDSFU Daily run: Sun Nov 23 04:43:58 UTC 2025 TDSFU
TDSFU Daily run: Mon Nov 24 04:45:19 UTC 2025 TDSFU
TDSFU Daily run: Tue Nov 25 04:38:08 UTC 2025 TDSFU
TDSFU Daily run: Wed Nov 26 04:38:12 UTC 2025 TDSFU
TDSFU Daily run: Thu Nov 27 04:36:26 UTC 2025 TDSFU
TDSFU Daily run: Fri Nov 28 04:35:57 UTC 2025 TDSFU
TDSFU Daily run: Sat Nov 29 04:35:18 UTC 2025 TDSFU
TDSFU Daily run: Sun Nov 30 04:45:26 UTC 2025 TDSFU
TDSFU Daily run: Mon Dec  1 04:56:50 UTC 2025 TDSFU
TDSFU Daily run: Tue Dec  2 04:42:05 UTC 2025 TDSFU
TDSFU Daily run: Wed Dec  3 04:40:01 UTC 2025 TDSFU
TDSFU Daily run: Thu Dec  4 04:42:12 UTC 2025 TDSFU
TDSFU Daily run: Fri Dec  5 04:40:57 UTC 2025 TDSFU
TDSFU Daily run: Sat Dec  6 04:33:45 UTC 2025 TDSFU
TDSFU Daily run: Sun Dec  7 04:43:26 UTC 2025 TDSFU
